id,name,email,age,balance,created_at
410,kx1okz09,FhrZ7@example.com,37,7072.87,2020-03-02 23:51:56
5109,3dS56dxG,wxgJQ@example.com,73,968.36,2003-09-13 11:49:10
2506,LWWHZHoe,KRfyH@example.com,64,7156.76,2018-06-11 02:19:45
909,AYar07oO,BFkqN@example.com,23,2687.51,2020-08-19 07:44:02
3283,Pi2pW6tX,mB1Ht@example.com,23,7268.27,2019-09-13 02:53:45
287,oqwz9zB7,DSMDx@example.com,85,8509.41,2022-10-25 14:31:03
8689,6OOt2Qef,sVJwD@example.com,58,3986.13,2007-12-13 15:22:49
4884,KmiVcH5v,SeQkH@example.com,64,1688.35,2007-09-24 20:53:31
6996,rP1MCESx,lDW2b@example.com,83,5828.35,2014-06-07 00:44:36
1454,WOmv0cpZ,flIOA@example.com,55,5233.1,2022-02-15 04:58:51
6849,3rqMpD6Z,3EDRF@example.com,61,6419.74,2001-04-24 09:51:39
8824,T26a0zcO,RoGjo@example.com,51,8805.27,2007-12-18 01:31:06
3814,8v7NYVCE,NGjnA@example.com,57,8337.03,2009-02-05 02:45:51
2504,VWw5gFVM,xsz3m@example.com,42,6794.04,2005-11-21 06:04:07
1379,e68YVkuE,PwvyR@example.com,38,894.68,2007-12-02 21:10:40
726,L2cL6g0u,VcWl1@example.com,54,6593.54,2012-10-03 19:38:38
2295,ilxvRYdD,iIFp0@example.com,78,1780.34,2010-08-06 07:32:34
1284,XjvMcPpa,v9X56@example.com,80,1542.71,2003-07-21 00:35:51
8027,U8esRkZu,SuM25@example.com,79,3018.0,2000-05-27 20:47:49
7866,U0Hwj8Al,f3uzj@example.com,59,8839.13,2013-05-27 11:01:23
8671,v6chl0E7,AlmC0@example.com,67,8941.0,2009-05-03 16:43:42
4410,FjxBTLwJ,mRhiW@example.com,86,5538.8,2009-11-18 07:32:35
2495,Pz8znpqq,9OTUT@example.com,48,2556.26,2015-01-01 13:33:55
2809,cMp0FV4T,gBtht@example.com,54,8008.87,2019-12-08 15:18:56
9520,jpYHgGLO,vPz4T@example.com,35,5201.31,2015-12-12 04:33:49
8456,ubFoBrb7,RooK3@example.com,38,8025.36,2010-02-22 02:24:01
5757,2tZkkNIX,PbgRB@example.com,22,9437.05,2015-06-01 03:20:03
5453,Kgodzuvz,cL4EI@example.com,75,6781.39,2017-10-24 13:58:45
7615,IBfmFkOT,5eT5b@example.com,60,7184.01,2009-07-30 13:23:59
7238,0td1JL76,Zg3Gl@example.com,25,3975.11,2012-07-18 03:07:20
252,LNJGt2pi,hCW1X@example.com,37,7925.58,2012-05-21 03:18:25
6348,6WyAPCuC,yQqr8@example.com,34,3140.88,2017-12-01 23:55:17
3739,bvORGR7R,1nU9R@example.com,57,7071.16,2018-04-29 06:19:59
8940,5T9WQlVA,a1XI2@example.com,29,3048.27,2023-01-24 03:36:15
4215,k41Uqn7Z,MFiLf@example.com,48,9943.61,2020-07-10 13:31:03
6961,3hFkH8Di,tBAJN@example.com,40,2914.28,2021-07-22 19:23:30
5853,82DFjCvH,BthVP@example.com,27,516.78,2005-01-07 06:02:53
6016,8bZBHfFg,TNyJy@example.com,48,7869.62,2003-10-25 21:02:35
5505,SsrkuVJq,gvsZ8@example.com,59,6753.21,2023-07-30 19:03:23
4002,F2PmPVRo,KFFKz@example.com,76,1369.81,2014-01-21 09:31:28
9456,PGWjUWbs,ucDch@example.com,61,1568.03,2012-04-16 06:38:12
6876,Y1wLd3bk,2y0Nu@example.com,82,690.79,2005-11-23 05:59:53
8111,lTdYKruM,aXOgS@example.com,84,1621.1,2009-02-19 03:44:47
6707,ys6gcIPx,Be3yr@example.com,28,2205.78,2008-10-08 23:18:42
2595,VmLXj4Ar,1s3aR@example.com,38,8181.93,2003-02-17 08:49:25
8661,DmF3Yel4,vU9GQ@example.com,70,902.27,2000-08-28 13:16:36
970,FJPhmc5i,bYp0n@example.com,72,8350.49,2004-02-20 17:25:15
597,VtZFTbL3,NCoPy@example.com,62,9117.84,2010-06-28 13:47:44
6179,8TfwBPju,PFT4S@example.com,53,7674.81,2004-01-06 21:48:21
2574,Q5f9rgJX,Bbsbb@example.com,65,1769.72,2021-12-25 16:07:47
7472,v80ZVW9v,zuVYn@example.com,43,4506.5,2018-04-25 14:19:44
8167,hOncksgy,TjqUA@example.com,42,4293.9,2012-02-13 13:02:39
9159,sTaAobVw,JJFLi@example.com,49,9747.96,2024-10-15 12:52:06
999,juhMxPH5,0g0Dh@example.com,46,6842.68,2022-05-13 14:00:00
9907,BJtijy1L,dtCRV@example.com,25,9730.09,2013-09-17 10:37:59
8976,Xm3HLhtI,PfclK@example.com,85,7717.41,2016-06-27 08:48:13
3410,IPWeXgJ7,S55h6@example.com,62,8121.64,2018-05-21 07:02:43
1549,q2ZUHcOv,vgE6N@example.com,73,3393.43,2023-03-17 16:53:56
5227,vGUxgB9Z,yNf5P@example.com,31,5319.45,2014-12-31 14:23:53
469,ZKrFROxc,ND8g9@example.com,34,8752.18,2000-04-02 09:31:04
3662,3DcQEawg,sUIOk@example.com,52,8605.81,2017-09-09 05:47:27
1044,WxNlHKj4,iWsIe@example.com,25,2882.4,2006-12-17 16:37:41
3523,LhA8ul5y,urzCh@example.com,39,9897.55,2022-11-26 23:28:44
1310,0nAbMSEL,Fg4Ri@example.com,22,5634.93,2010-10-01 11:35:42
675,vrbeMfgA,C0No1@example.com,53,7662.0,2015-02-17 10:29:15
8315,8nC4BXnC,oyD5R@example.com,54,2158.4,2018-10-20 07:59:49
5009,fkvwCzc8,866dB@example.com,38,7217.87,2017-04-05 15:56:30
5633,sdC3JfYH,JrOkk@example.com,25,7115.46,2007-08-26 20:01:23
1431,Izin9XeR,T7lhH@example.com,80,8365.31,2014-01-21 01:58:00
5943,NcCEePUn,A7whg@example.com,65,267.9,2005-05-23 21:41:41
4595,Y7hB6ELf,Z8mkO@example.com,44,7305.53,2008-04-19 15:34:28
4458,G3JrCVYt,14mIp@example.com,65,1113.43,2022-04-20 11:22:30
5081,pI5zxRVH,MLXe1@example.com,80,2966.61,2013-03-24 03:10:27
4181,1DqTmk8I,6SBoR@example.com,29,251.83,2003-05-02 17:15:16
8738,FvW2gRxm,U9lJ0@example.com,75,8021.16,2013-10-09 17:21:57
6786,bXs1m5iH,meMEm@example.com,28,552.23,2015-12-24 14:35:01
6918,SOGCh8U0,SdGOc@example.com,59,4202.65,2001-11-29 15:11:29
4901,5dRto1V0,3nu93@example.com,79,4287.19,2002-03-29 21:47:11
831,OcFrDaB6,RGqo0@example.com,68,6935.27,2006-01-03 13:52:53
6548,GPTKbop3,PLVZd@example.com,26,724.26,2020-12-08 19:49:15
2380,KEcKuFHu,4B6X0@example.com,63,8937.34,2006-10-22 18:20:34
5772,MPcJixaF,OCzlq@example.com,58,7516.33,2004-02-04 09:10:03
8111,8wScLDPx,JjJIB@example.com,86,4664.56,2022-10-12 16:01:48
6917,Ph1dMhx6,j3FFs@example.com,48,1863.98,2021-08-15 16:25:02
318,kvS9Sy9j,7QOxd@example.com,32,3873.19,2010-12-24 15:37:42
2683,NvXdwsZt,kWykQ@example.com,63,5308.21,2012-07-16 23:49:53
9084,RFoj9hJ4,NKJj6@example.com,36,7337.43,2022-01-30 10:12:26
8804,BvGOM072,tFqbR@example.com,48,3966.03,2009-06-24 17:21:45
3171,ZK46YrmX,aWBd9@example.com,76,488.58,2016-06-19 23:29:26
8494,Cipbi0dj,fRn9e@example.com,34,8712.71,2021-10-06 02:10:32
7039,oHkG6BQA,iAIkj@example.com,51,8762.2,2011-03-09 23:47:17
5718,GpE41udx,KxM4C@example.com,31,4482.92,2008-10-03 11:23:28
2821,mtxHjElA,DyaJ0@example.com,50,6670.68,2013-11-30 04:22:43
9174,tTnFFvPJ,LVQPi@example.com,47,5809.14,2011-08-24 07:58:24
9150,GSJHeYAv,j8drg@example.com,47,839.12,2022-12-16 23:51:30
3493,UBKqeEIr,qVTVs@example.com,52,7449.75,2010-04-01 11:46:31
8491,xGO7QppU,FRuPF@example.com,53,3155.47,2013-09-05 00:34:48
1252,kB6IzpcE,jshGj@example.com,90,8650.03,2007-04-16 18:28:49
7075,o87QpzUE,6usSn@example.com,36,6459.09,2012-01-04 10:21:05
3164,jtVNKjKm,OcAvn@example.com,56,1025.37,2014-12-27 08:40:44
